<?xml version="1.0" encoding="utf-8"?>
<window id="13001">
	<!--onload>Control.SetFocus(6000)</onload-->
	<!--onunload>UnloadSkin()</onunload-->
	<defaultcontrol always="true">6000</defaultcontrol>
	<controls>
		<animation type="WindowOpen" reversible="false">
			<effect type="zoom" start="80" end="100" center="960,540" delay="500" tween="back" time="240" />
			<effect type="fade" delay="500" end="100" time="240" />
		</animation>
		<animation type="WindowClose" reversible="false">
			<effect type="zoom" start="100" end="80" center="960,540" easing="in" tween="back" time="240" />
			<effect type="fade" start="100" end="0" time="240" />
		</animation>

		<control type="image">
			<texture colordiffuse="$INFO[Window(home).Property(WindowColor)]">background.png</texture>
			<animation effect="fade" start="100" end="80" time="0" condition="true">Focus</animation>
			<width>1920</width>
			<height>1080</height>
			<animation effect="fade" end="100" time="360">WindowOpen</animation>
			<animation effect="fade" start="100" end="0" time="750">WindowClose</animation>
		</control>

		<control type="label">
			<description>Time label</description>
			<posy>0</posy>
			<posx>0</posx>
			<align>center</align>
			<width>1920</width>
			<font>font13</font>
			<textcolor>FFFAFAFA</textcolor>
			<shadowcolor>black</shadowcolor>
			<label>$INFO[System.Time]</label>
			<include>Window_OpenClose_Animation</include>
			<animation effect="slide" start="0,0" end="-40,0" time="100" condition="Window.IsVisible(Mutebug)">conditional</animation>
		</control>

		<control type="label">
			<description>Date label</description>
			<posy>28</posy>
			<posx>0</posx>
			<align>center</align>
			<width>1920</width>
			<font>font13</font>
			<textcolor>FFFAFAFA</textcolor>
			<shadowcolor>black</shadowcolor>
			<label>$INFO[System.Date]</label>
			<include>Window_OpenClose_Animation</include>
			<animation effect="slide" start="0,0" end="-40,0" time="100" condition="Window.IsVisible(Mutebug)">conditional</animation>
		</control>

		<control type="label">
			<description>Promo</description>
			<posy>65</posy>
			<posx>0</posx>
			<align>center</align>
			<width>1920</width>
			<font>font13</font>
			<textcolor>FFFAFAFA</textcolor>
			<shadowcolor>black</shadowcolor>
			<label>$ADDON[plugin.video.megogo 1002]</label>
			<include>Window_OpenClose_Animation</include>
			<animation effect="slide" start="0,0" end="-40,0" time="100" condition="Window.IsVisible(Mutebug)">conditional</animation>
		</control>

        <control type="group">
            <animation type="WindowOpen" reversible="false">
                <effect type="zoom" start="80" end="100" center="960,540" delay="500" tween="back" time="240" />
                <effect type="fade" delay="500" end="100" time="240" />
            </animation>
            <animation type="WindowClose" reversible="false">
                <effect type="zoom" start="100" end="80" center="960,540" easing="in" tween="back" time="240" />
                <effect type="fade" start="100" end="0" time="240" />
            </animation>

            <control type="button" id="6000">
                <label>$ADDON[plugin.video.megogo 1008]</label>
                <posx>0</posx>
                <posy>10</posy>
                <width>250</width>
                <height>90</height>
                <textoffsetx>95</textoffsetx>
                <textoffsety>22</textoffsety>
                <textwidth>315</textwidth>
                <align>left</align>
                <aligny>top</aligny>
                <texturefocus>buttons/Menu_On.png</texturefocus>
                <texturenofocus>buttons/Menu_Off.PNG</texturenofocus>
                <font>font13</font>
                <textcolor>FF999999</textcolor>
                <ondown>SetFocus(500)</ondown>
                <onright>SetFocus(8000)</onright>
                <onleft>SetFocus(7000)</onleft>
                <!--focusedcolor>FFFAFAFA</focusedcolor-->
            </control>
            <control type="button" id="8000">
                <label>$ADDON[plugin.video.megogo 1020]</label>
                <posx>1680</posx>
                <posy>10</posy>
                <width>250</width>
                <height>90</height>
                <textoffsetx>95</textoffsetx>
                <textoffsety>22</textoffsety>
                <textwidth>315</textwidth>
                <align>left</align>
                <aligny>top</aligny>
                <texturefocus>buttons/Search_On.png</texturefocus>
                <texturenofocus>buttons/Search_Off.png</texturenofocus>
                <font>font13</font>
                <textcolor>FF999999</textcolor>
                <ondown>SetFocus(500)</ondown>
                <onleft>SetFocus(6000)</onleft>
                <!--focusedcolor>FFFAFAFA</focusedcolor-->
            </control>
        </control>

		<control type="group">
			<posy>110</posy>
			<control type="button" id="5001">
				<description> LEFT ARROW </description>
				<posx>0</posx>
				<posy>0</posy>
				<width>70</width>
				<height>300</height>
				<aspectratio scalediffuse="false">scale</aspectratio>
				<texturefocus>buttons/left.png</texturefocus>
				<texturenofocus>buttons/left.png</texturenofocus>
				<include>Window_OpenClose_Animation</include>
				<animation effect="slide" start="0,0" end="-40,0" time="100" condition="Window.IsVisible(Mutebug)">conditional</animation>
			</control>

			<control type="button" id="5002">
				<description> RIGHT ARROW </description>
				<posx>1850</posx>
				<posy>0</posy>
				<width>70</width>
				<height>300</height>
				<aspectratio scalediffuse="false">scale</aspectratio>
				<texturefocus>buttons/right.png</texturefocus>
				<texturenofocus>buttons/right.png</texturenofocus>
				<include>Window_OpenClose_Animation</include>
				<animation effect="slide" start="0,0" end="-40,0" time="100" condition="Window.IsVisible(Mutebug)">conditional</animation>
			</control>

			<control type="wraplist" id="500">
				<animation type="WindowOpen" reversible="false">
					<effect type="zoom" start="80" end="100" center="960,540" delay="500" tween="back" time="240" />
					<effect type="fade" delay="500" end="100" time="240" />
				</animation>
				<animation type="WindowClose" reversible="false">
					<effect type="zoom" start="100" end="80" center="960,540" easing="in" tween="back" time="240" />
					<effect type="fade" start="100" end="0" time="240" />
				</animation>
				<description> SLIDER WITH DATA </description>
				<posx>65</posx>
				<posy>0</posy>
				<width>1785</width>
				<height>380</height>
				<visible>true</visible>
				<onleft>72</onleft>
				<onright>72</onright>
				<onup>6000</onup>
				<ondown>501</ondown>
				<pagecontrol>72</pagecontrol>
				<viewtype label="3D list">list</viewtype>
				<orientation>horizontal</orientation>
				<focusposition>1</focusposition>
				<scrolltime tween="sine" easing="out">200</scrolltime>

				<itemlayout width="1785" height="380">
					<control type="group">
						<control type="image">
							<posx>5</posx>
							<posy>6</posy>
							<width>1775</width>
							<height>300</height>
							<aspectratio scalediffuse="false">scale</aspectratio>
							<texture diffuse="thumbs/movieposter_mask_slider.png">$INFO[ListItem.Thumb]</texture>
						</control>
						<control type="image">
							<posx>-5</posx>
							<posy>-2</posy>
							<width>1790</width>
							<height>313</height>
							<visible>Control.HasFocus(500)</visible>
							<texture>thumbs/movieposter_shadow.png</texture>
						</control>
						<control type="label">
							<posx>5</posx>
							<posy>307</posy>
							<align>left</align>
							<width>1780</width>
							<font>font13</font>
							<textcolor>FFFAFAFA</textcolor>
							<label>$INFO[ListItem.Label] ($INFO[ListItem.Property(Year)])</label>
							<visible>!IsEmpty(ListItem.Property(Year))</visible>
						</control>
						<control type="label">
							<posx>5</posx>
							<posy>341</posy>
							<align>left</align>
							<width>1780</width>
							<font>font13</font>
							<textcolor>FFFAFAFA</textcolor>
							<label>$INFO[ListItem.Property(Country)], $INFO[ListItem.Property(Genre)]</label>
							<visible>!IsEmpty(ListItem.Property(Country))</visible>
						</control>
					</control>
				</itemlayout>

				<focusedlayout width="1780" height="380" >
					<control type="group">
						<control type="image">
							<posx>5</posx>
							<posy>7</posy>
							<width>1775</width>
							<height>300</height>
							<visible>!Control.HasFocus(500)</visible>
							<aspectratio scalediffuse="true">scale</aspectratio>
                            <texture diffuse="thumbs/movieposter_mask_slider.png">$INFO[ListItem.Thumb]</texture>
						</control>
						<control type="label">
							<posx>5</posx>
							<posy>306</posy>
							<align>left</align>
							<width>1780</width>
							<font>font13</font>
							<textcolor>FFFAFAFA</textcolor>
							<shadowcolor>black</shadowcolor>
							<label>$INFO[ListItem.Label] ($INFO[ListItem.Property(Year)])</label>
							<visible>!IsEmpty(ListItem.Property(Year))</visible>
						</control>
						<control type="label">
							<posx>5</posx>
							<posy>340</posy>
							<align>left</align>
							<width>1780</width>
							<font>font13</font>
							<textcolor>FFFAFAFA</textcolor>
							<label>$INFO[ListItem.Property(Country)], $INFO[ListItem.Property(Genre)]</label>
							<visible>!IsEmpty(ListItem.Property(Country))</visible>
						</control>
					</control>
				</focusedlayout>
			</control>
		</control>

        <control type="group">
            <animation type="WindowOpen" reversible="false">
                <effect type="zoom" start="80" end="100" center="960,540" delay="500" tween="back" time="240" />
                <effect type="fade" delay="500" end="100" time="240" />
            </animation>
            <animation type="WindowClose" reversible="false">
                <effect type="zoom" start="100" end="80" center="960,540" easing="in" tween="back" time="240" />
                <effect type="fade" start="100" end="0" time="240" />
            </animation>
            <control type="label">
                <description> RECOMENDED LABEL </description>
                <posy>474</posy>
                <posx>0</posx>
                <align>center</align>
                <width>1920</width>
                <font>font13</font>
                <textcolor>FFFAFAFA</textcolor>
                <shadowcolor>black</shadowcolor>
                <label>$ADDON[plugin.video.megogo 1003]</label>
            </control>
        </control>

		<control type="group">
            <animation type="WindowOpen" reversible="false">
				<effect type="zoom" start="80" end="100" center="960,540" delay="500" tween="back" time="240" />
				<effect type="fade" delay="500" end="100" time="240" />
			</animation>
			<animation type="WindowClose" reversible="false">
				<effect type="zoom" start="100" end="80" center="960,540" easing="in" tween="back" time="240" />
				<effect type="fade" start="100" end="0" time="240" />
			</animation>

			<posx>30</posx>
			<posy>510</posy>

            <control type="image">
                <posx>-30</posx>
                <posy>240</posy>
                <width>25</width>
                <height>28</height>
                <texture flipx="true">icons/arrowright.png</texture>
                <animation effect="fade" time="200">VisibleChange</animation>
                <animation effect="slide" start="-150" end="0" delay="640" time="320" tween="cubic">WindowOpen</animation>
                <visible>Container(501).HasPrevious + Control.HasFocus(501)</visible>
            </control>
            <control type="image">
                <posx>1865</posx>
                <posy>240</posy>
                <width>25</width>
                <height>28</height>
                <texture>icons/arrowright.png</texture>
                <animation effect="slide" start="-30,0" end="0,0" time="200">VisibleChange</animation>
                <animation effect="slide" start="150" end="0" delay="640" time="320" tween="cubic">WindowOpen</animation>
                <visible>Container(501).HasNext + Control.HasFocus(501)</visible>
            </control>

			<control type="panel" id="501">
                <posx>-2</posx>
				<width>1860</width>
				<height>600</height>
				<pagecontrol>72</pagecontrol>
				<preloaditems>5</preloaditems>
				<onleft>72</onleft>
				<onright>72</onright>
				<onup>500</onup>
				<ondown>600</ondown>
				<visible>true</visible>
				<orientation>horizontal</orientation>
				<scrolltime tween="sine" easing="out">200</scrolltime>

				<itemlayout width="375" height="550">
					<control type="image">
						<posx>6</posx>
						<posy>8</posy>
						<width>350</width>
						<height>480</height>
						<aspectratio scalediffuse="false">scale</aspectratio>
                        <texture diffuse="thumbs/movieposter_mask.png">$INFO[ListItem.Thumb]</texture>
					</control>
					<control type="label">
						<posx>0</posx>
						<posy>482</posy>
						<align>left</align>
						<width>350</width>
						<font>font13</font>
						<textcolor>FFFAFAFA</textcolor>
						<shadowcolor>black</shadowcolor>
						<label>$INFO[ListItem.Label] ($INFO[ListItem.Property(Year)])</label>
						<visible>!IsEmpty(ListItem.Property(Year))</visible>
					</control>
					<control type="label">
						<posx>0</posx>
						<posy>513</posy>
						<align>left</align>
						<width>350</width>
						<font>font13</font>
						<textcolor>FFFAFAFA</textcolor>
						<label>$INFO[ListItem.Property(Country)], $INFO[ListItem.Property(Genre)]</label>
						<visible>!IsEmpty(ListItem.Property(Country))</visible>
					</control>
				</itemlayout>
				<focusedlayout height="375" width="550">
					<animation effect="zoom" center="176,340" start="100" end="127" time="280" tween="back" reversible="false">Focus</animation>
					<animation effect="zoom" center="176,340" start="127" end="100" time="200" tween="cubic" reversible="false">UnFocus</animation>
					<control type="image">
						<posx>6</posx>
						<posy>8</posy>
						<width>350</width>
						<height>480</height>
						<aspectratio scalediffuse="false">scale</aspectratio>
                        <texture diffuse="thumbs/movieposter_mask.png">$INFO[ListItem.Thumb]</texture>
					</control>
					<control type="image">
						<posx>-15</posx>
						<posy>-13</posy>
						<width>395</width>
						<height>521</height>
						<visible>Control.HasFocus(501)</visible>
						<texture>thumbs/poster_shadow.png</texture>
					</control>
					<control type="label">
						<posx>0</posx>
						<posy>488</posy>
						<align>left</align>
						<width>350</width>
						<font>font13</font>
						<textcolor>FFFAFAFA</textcolor>
						<shadowcolor>black</shadowcolor>
						<label>$INFO[ListItem.Label] ($INFO[ListItem.Property(Year)])</label>
						<visible>!IsEmpty(ListItem.Property(Year))</visible>
					</control>
					<control type="label">
						<posx>0</posx>
						<posy>518</posy>
						<align>left</align>
						<width>350</width>
						<font>font13</font>
						<textcolor>FFFAFAFA</textcolor>
						<label>$INFO[ListItem.Property(Country)], $INFO[ListItem.Property(Genre)]</label>
						<visible>!IsEmpty(ListItem.Property(Country))</visible>
					</control>
				</focusedlayout>
			</control>
		</control>

        <control type="group">
            <animation type="Conditional" condition="!ControlGroup(7000).HasFocus">
                <effect type="slide" end="-420" time="320" easing="in" tween="cubic" />
            </animation>
            <control type="image">
                <posx>-73</posx>
                <width>512</width>
                <height>1080</height>
                <texture>dialogs\BackgroundBlue.png</texture>
            </control>
            <control type="grouplist" id="7000">
                <posx>10</posx>
                <posy>20</posy>
                <width>400</width>
                <height>1040</height>
                <orientation>vertical</orientation>
                <scroll>true</scroll>
                <itemgap>-9</itemgap>
                <onback>6000</onback>
                <onright>6000</onright>
                <control type="button" id="7001">
                    <label>$ADDON[plugin.video.megogo 1009]</label>
                    <width>400</width>
                    <height>110</height>
                    <textoffsetx>85</textoffsetx>
                    <textoffsety>35</textoffsety>
                    <textwidth>315</textwidth>
                    <align>left</align>
                    <aligny>top</aligny>
                    <texturefocus border="40">buttons/Account_On.png</texturefocus>
                    <texturenofocus border="40">buttons/Account_Off.png</texturenofocus>
                    <font>font13</font>
                    <textcolor>FF999999</textcolor>
                    <ondown>SetFocus(7002)</ondown>
                    <onup>6000</onup>
                    <focusedcolor>FFFAFAFA</focusedcolor>
                </control>
                <control type="button" id="7002">
                    <label>$ADDON[plugin.video.megogo 1010]</label>
                    <width>400</width>
                    <height>110</height>
                    <textoffsetx>85</textoffsetx>
                    <textoffsety>35</textoffsety>
                    <textwidth>315</textwidth>
                    <align>left</align>
                    <aligny>top</aligny>
                    <texturefocus border="40">buttons/MegogoPlus_On.png</texturefocus>
                    <texturenofocus border="40">buttons/MegogoPlus_Off.png</texturenofocus>
                    <font>font13</font>
                    <textcolor>FF999999</textcolor>
                    <ondown>7003</ondown>
                    <onup>7001</onup>
                    <focusedcolor>FFFAFAFA</focusedcolor>
                </control>
                <control type="button" id="7003">
                    <label>$ADDON[plugin.video.megogo 1011]</label>
                    <width>400</width>
                    <height>110</height>
                    <textoffsetx>85</textoffsetx>
                    <textoffsety>35</textoffsety>
                    <textwidth>315</textwidth>
                    <align>left</align>
                    <aligny>top</aligny>
                    <texturefocus border="40">buttons/Premieres_On.png</texturefocus>
                    <texturenofocus border="40">buttons/Premieres_Off.png</texturenofocus>
                    <font>font13</font>
                    <textcolor>FF999999</textcolor>
                    <ondown>7004</ondown>
                    <onup>7002</onup>
                    <focusedcolor>FFFAFAFA</focusedcolor>
                </control>
                <control type="button" id="7004">
                    <label>$ADDON[plugin.video.megogo 1012]</label>
                    <width>400</width>
                    <height>110</height>
                    <textoffsetx>85</textoffsetx>
                    <textoffsety>35</textoffsety>
                    <textwidth>315</textwidth>
                    <align>left</align>
                    <aligny>top</aligny>
                    <texturefocus border="40">buttons/Movies_On.png</texturefocus>
                    <texturenofocus border="40">buttons/Movies_Off.png</texturenofocus>
                    <font>font13</font>
                    <textcolor>FF999999</textcolor>
                    <ondown>7005</ondown>
                    <onup>7003</onup>
                    <focusedcolor>FFFAFAFA</focusedcolor>
                </control>
                <control type="button" id="7005">
                    <label>$ADDON[plugin.video.megogo 1013]</label>
                    <width>400</width>
                    <height>110</height>
                    <textoffsetx>85</textoffsetx>
                    <textoffsety>35</textoffsety>
                    <textwidth>315</textwidth>
                    <align>left</align>
                    <aligny>top</aligny>
                    <texturefocus border="40">buttons/Serials_On.png</texturefocus>
                    <texturenofocus border="40">buttons/Serials_Off.png</texturenofocus>
                    <font>font13</font>
                    <textcolor>FF999999</textcolor>
                    <ondown>7006</ondown>
                    <onup>7004</onup>
                    <focusedcolor>FFFAFAFA</focusedcolor>
                </control>
                <control type="button" id="7006">
                    <label>$ADDON[plugin.video.megogo 1014]</label>
                    <width>400</width>
                    <height>110</height>
                    <textoffsetx>85</textoffsetx>
                    <textoffsety>35</textoffsety>
                    <textwidth>315</textwidth>
                    <align>left</align>
                    <aligny>top</aligny>
                    <texturefocus border="40">buttons/TV_On.png</texturefocus>
                    <texturenofocus border="40">buttons/TV_Off.png</texturenofocus>
                    <font>font13</font>
                    <textcolor>FF999999</textcolor>
                    <ondown>7007</ondown>
                    <onup>7005</onup>
                    <focusedcolor>FFFAFAFA</focusedcolor>
                </control>
                <control type="button" id="7007">
                    <label>$ADDON[plugin.video.megogo 1015]</label>
                    <width>400</width>
                    <height>110</height>
                    <textoffsetx>85</textoffsetx>
                    <textoffsety>35</textoffsety>
                    <textwidth>315</textwidth>
                    <align>left</align>
                    <aligny>top</aligny>
                    <texturefocus border="40">buttons/Collections_On.png</texturefocus>
                    <texturenofocus border="40">buttons/Collections_Off.png</texturenofocus>
                    <font>font13</font>
                    <textcolor>FF999999</textcolor>
                    <ondown>7008</ondown>
                    <onup>7006</onup>
                    <focusedcolor>FFFAFAFA</focusedcolor>
                </control>
                <control type="button" id="7008">
                    <label>$ADDON[plugin.video.megogo 1016]</label>
                    <width>400</width>
                    <height>110</height>
                    <textoffsetx>85</textoffsetx>
                    <textoffsety>35</textoffsety>
                    <textwidth>315</textwidth>
                    <align>left</align>
                    <aligny>top</aligny>
                    <texturefocus border="40">buttons/Cartoons_On.png</texturefocus>
                    <texturenofocus border="40">buttons/Cartoons_Off.png</texturenofocus>
                    <font>font13</font>
                    <textcolor>FF999999</textcolor>
                    <ondown>7009</ondown>
                    <onup>7007</onup>
                    <focusedcolor>FFFAFAFA</focusedcolor>
                </control>
                <control type="button" id="7009">
                    <label>$ADDON[plugin.video.megogo 1017]</label>
                    <width>400</width>
                    <height>110</height>
                    <textoffsetx>85</textoffsetx>
                    <textoffsety>35</textoffsety>
                    <textwidth>315</textwidth>
                    <align>left</align>
                    <aligny>top</aligny>
                    <texturefocus border="40">buttons/Programs_On.png</texturefocus>
                    <texturenofocus border="40">buttons/Programs_Off.png</texturenofocus>
                    <font>font13</font>
                    <textcolor>FF999999</textcolor>
                    <ondown>7010</ondown>
                    <onup>7008</onup>
                    <focusedcolor>FFFAFAFA</focusedcolor>
                </control>
                <control type="button" id="7010">
                    <label>$ADDON[plugin.video.megogo 1018]</label>
                    <width>400</width>
                    <height>110</height>
                    <textoffsetx>85</textoffsetx>
                    <textoffsety>35</textoffsety>
                    <textwidth>315</textwidth>
                    <align>left</align>
                    <aligny>top</aligny>
                    <texturefocus border="40">buttons/Favorites_On.png</texturefocus>
                    <texturenofocus border="40">buttons/Favorites_Off.png</texturenofocus>
                    <font>font13</font>
                    <textcolor>FF999999</textcolor>
                    <ondown>SetFocus(7001)</ondown>
                    <onup>7009</onup>
                    <focusedcolor>FFFAFAFA</focusedcolor>
                </control>

            </control>
        </control>

	</controls>
</window>