<?xml version="1.0" encoding="utf-8"?>
<window>
	<controls>
		<control type="group">
			<control type="image">
				<description> BACKGROUND </description>
				<posx>0</posx>
				<posy>0</posy>
				<width>1920</width>
				<height>1080</height>
				<aspectratio align="center">scale</aspectratio>
				<texture>background.png</texture>
			</control>

            <control type="textbox" id="33000">
				<description> MOVIE TITLE </description>
				<posx>0</posx>
				<posy>0</posy>
				<width>1920</width>
                <height>60</height>
				<textcolor>FFFAFAFA</textcolor>
				<align>center</align>
				<label>$INFO[Window.Property(Title)]</label>
				<font>font30_title</font>
				<shadowcolor>black</shadowcolor>
                 <autoscroll delay="5000" time="4000" repeat="2000">true</autoscroll>
			</control>

            <control type="textbox">
				<description> DESCRIPTION </description>
				<posx>0</posx>
				<posy>180</posy>
				<width>1920</width>
				<textcolor>FFFAFAFA</textcolor>
				<align>center</align>
				<label>$INFO[Window.Property(Description)]</label>
				<font>font30</font>
			</control>

            <control type="list" id="504">
                <posy>300</posy>
                <posx>690</posx>
                <width>1700</width>
                <height>930</height>
                <scrolltime>200</scrolltime>
                <orientation>vertical</orientation>
                <animation type="WindowOpen" reversible="false">
                    <effect type="slide" start="0,1080" end="0,0" delay="0" tween="sine" time="1300" />
                </animation>
                <animation type="WindowOpen" reversible="false">
                    <effect type="slide" start="0," end="0,1080" delay="0" tween="sine" time="1300" />
                </animation>
                <itemlayout width="440" height="140">
                    <control type="image">
                        <posx>0</posx>
                        <posy>0</posy>
                        <width>540</width>
                        <height>120</height>
                        <texture border="40">buttons/Off.png</texture>
                    </control>
                    <control type="group">
                        <control type="label">
                            <posx>20</posx>
                            <posy>0</posy>
                            <width>520</width>
                            <height>120</height>
                            <alignx>center</alignx>
                            <aligny>center</aligny>
                            <font>font13</font>
                            <textcolor>FFFAFAFA</textcolor>
                            <shadowcolor>black</shadowcolor>
                            <label>$INFO[ListItem.Property(description)] - $INFO[ListItem.Property(price)] $INFO[ListItem.Property(Currency)]</label>
                        </control>
                    </control>
                </itemlayout>
                <focusedlayout width="440" height="140">
                    <control type="image">
                        <posx>0</posx>
                        <posy>0</posy>
                        <width>540</width>
                        <height>120</height>
                        <texture border="40">buttons/Off.png</texture>
                    </control>
                    <control type="image">
                        <posx>0</posx>
                        <posy>0</posy>
                        <width>540</width>
                        <height>120</height>
                        <texture border="40">buttons/On.png</texture>
                        <animation effect="fade" start="0" end="100" time="160">Focus</animation>
                        <animation effect="fade" start="0" end="100" time="0">UnFocus</animation>
                    </control>
                    <control type="group">
                        <control type="label">
                            <posx>20</posx>
                            <posy>0</posy>
                            <width>520</width>
                            <height>120</height>
                            <alignx>center</alignx>
                            <aligny>center</aligny>
                            <font>font13</font>
                            <textcolor>FFFAFAFA</textcolor>
                            <shadowcolor>black</shadowcolor>
                            <label>$INFO[ListItem.Property(description)] - $INFO[ListItem.Property(price)] $INFO[ListItem.Property(Currency)]</label>
                        </control>
                    </control>
                </focusedlayout>
            </control>
        </control>
    </controls>
</window>