<?xml version="1.0" encoding="UTF-8" standalone="yes"?>
<addon id="plugin.video.megogo"
	   name="MEGOGO.NET"
	   version="1.0.7"
	   provider-name="Studio-Evolution">
	<requires>
		<import addon="xbmc.python" version="2.0" />
		<import addon="script.module.simplejson" version="3.3.0"/>
		<import addon="script.module.requests" version="0.13.2"/>
	</requires>
	<extension point="xbmc.python.script" library="start.py" >
		<provides>executable video</provides>
	</extension>
	<extension point="xbmc.addon.metadata">
		<summary lang="en">Plugin to watch videos from MEGOGO.NET</summary>
		<summary lang="ru">Дополнение для просмотра ресурсов с MEGOGO.NET</summary>
		<description lang="en">The library MEGOGO.NET has more than 22+ thousands of hours of video. This is more than 3 500+ full-length movies, 1800+ cartoons, 850+ TV series, 200+ TV shows and concerts. In addition, the daily online catalog updated theater quality video material, including novelties.</description>
		<description lang="ru">Библиотека MEGOGO.NET насчитывает более 22+ тысяч часов видео. Это более 3 500+ полнометражных фильмов, 1800+ мультфильмов, 850+ сериалов, 200+ телевизионных шоу и концертов. Кроме того, ежедневно каталог онлайн-кинотеатра пополняется качественным видео-материалом, в том числе новинками.</description>
		<platform>all</platform>
	</extension>
</addon>

